iter	MultiClass
0	1.04694452
1	0.9711698759
2	0.9229749593
3	0.8863458093
4	0.8347737613
5	0.7988871018
6	0.7718863761
7	0.748538905
8	0.726836789
9	0.7102316287
