Amino acid,Frequency (%)
A,7.423441411316735
C,1.290589551698735
D,5.148440993800345
E,7.91369843440632
F,1.8848545465679225
G,10.60445239478123
H,2.463253918623272
I,2.6619917201860823
K,5.544153749946651
L,7.066232944455475
M,1.4448850530988067
N,3.5741258598518093
P,4.242337646432276
Q,4.96315649813231
R,5.076906519008129
S,14.126249533773363
T,7.701043419848914
V,5.032093093165535
W,0.4985145694663769
Y,1.3395781414397079
