PB1,PB2,RSA
a,a,85.99150651849767
a,i,92.70597950856113
a,l,77.74438818240986
a,n,43.88829345813115
a,o,57.355802672467746
a,p,71.0641871565
b,i,45.45574102177442
b,n,43.263215156774194
b,o,78.61692381957054
c,a,80.61439912651862
c,h,58.41568695298626
c,i,89.89807342043002
c,l,71.47515486648098
c,m,58.43695669343971
c,n,53.049963198
d,a,96.876661824224
d,h,87.3563885295986
d,i,95.07635751504804
d,k,47.45378307140845
d,m,43.294482302
d,n,45.52256913109375
e,a,94.92339046442275
e,c,74.94925845189415
e,f,53.28681042222973
e,g,85.91855732692062
e,i,95.12884136682291
e,l,48.694886204791665
e,n,55.3569857825641
e,o,59.98150652199068
e,p,88.40124903548572
f,a,96.38436737066667
f,d,84.19931563436971
f,f,76.65754257052886
f,g,67.49455184672512
f,h,36.71170174127517
f,j,66.52501914784314
f,l,80.15845180639319
f,m,54.21298036126492
f,o,32.1764061128
g,a,76.33562653063892
g,d,57.31088307347532
g,e,81.39097076592726
g,i,91.13413743380084
g,k,38.66287504726415
g,l,62.3483772240099
g,n,58.21452698425197
g,p,71.35188644618849
h,a,95.15316587729473
h,b,92.36190925234816
h,c,68.61177114082626
h,e,94.76997646780163
h,g,84.75369301344278
h,m,41.980482011999996
h,n,57.94216965999129
h,o,48.35677975419463
i,b,84.37993811724999
i,c,48.3682189206
i,d,96.0362997687308
i,e,96.11288423062247
i,h,88.8540621726772
i,i,95.90784553089665
i,m,39.177477048860766
i,n,52.33585221369566
i,o,49.689197106741936
i,p,77.38594561033707
j,c,22.98339727754622
j,g,65.55088819790619
j,h,71.2344278461938
j,i,95.54690368348756
j,j,84.58733212555615
j,n,55.79663369486434
j,o,48.857978218704666
j,p,52.922284806875005
k,d,72.2572608831132
k,e,65.1000101468944
k,h,54.239980526428575
k,i,38.34605168966969
k,k,52.670221472186256
k,m,78.23320076956779
k,p,37.53102895067103
l,d,43.05697153863636
l,f,52.90701275441259
l,j,38.30784435116981
m,d,81.64395385372548
m,e,37.971198684375
m,i,49.275523115588236
m,j,36.631631903732874
n,a,61.08229272144531
n,c,85.28501015865086
n,h,50.359102414630605
n,i,52.50074500882353
n,k,30.302473675426832
n,p,45.1115128030102
o,a,32.162387323942305
o,b,90.30840685221884
o,f,51.33576635487097
o,h,32.98405464866444
p,b,47.57931972430001
p,d,88.279305521
p,e,78.0935610900196
p,h,42.43308481533149
p,i,76.21335246111956
p,k,48.2788667939953
p,n,33.30279855202946
p,o,44.456569827128625
p,p,57.91381129833333
